Model,Test RMSE,Test MAE,Test R2,Precision@10,NDCG@10
(Ratings-100K),0.8758046333396886,0.6692196726799011,0.2979878783226013,0.5124590163934426,0.8486148418407601
