Model,Test RMSE,Test MAE,Test R2,Precision@10,NDCG@10
(Ratings + Genres),0.9150556727706323,0.721266508102417,0.20830410718917847,0.5047540983606557,0.8487593876797143
