Model,Test RMSE,Test MAE,Test R2,Precision@10,NDCG@10
(Ratings + Genres + Tags),0.9111195652234816,0.7170113921165466,0.21510040760040283,0.5095081967213114,0.8504520655186077
