Model,Epochs,Train Loss,Val Loss,Test RMSE,Test MAE,Test R2,Precision@10,NDCG@10,Total Training Time (s)
(Ratings-1M),7,0.023249327547472422,0.030894376965369934,0.8688870863849723,0.6829801797866821,0.39511919021606445,0.6477814569536424,0.9305391721441093,32.16186594963074
