Model,Test RMSE,Test MAE,Test R2,Precision@10,NDCG@10,Eval Time (s)
(Ratings_Movies-1M),0.8689725563338272,0.6825323700904846,0.3950002193450928,0.6486589403973511,0.9311533221858862,1.7358617782592773
