Model,Test RMSE,Test MAE,Test R2,Precision@10,NDCG@10,Eval Time (s)
(Ratings-10M),0.8238994106310525,0.6383963823318481,0.39698535203933716,0.5376398866596068,0.889931589544744,12.367069005966187
